use FitnessLink;

INSERT INTO UTENTE (Nome, Cognome, Username, Email, NumeroTelefono)
VALUES 
    ('Livia', 'Cardaccia', 'nitritodisodio', 'liviacardaccia99@gmail.com', '3982455678'),
    ('Jane', 'Smith', 'janesmith', 'janesmith@gmail.com', '3674566789'),
    ('Michael', 'Johnson', 'michaelj', 'michael@gmail.com', '3456789012'),
    ('Emily', 'Brown', 'emilyb', 'emily@yahoo.com', '3567890123'),
    ('William', 'Lee', 'williaml', 'william@yahoo.com', '3678901234'),
    ('Olivia', 'Wilson', 'oliviaw', 'olivia@hotmail.com', '3789012345'),
    ('James', 'Anderson', 'jamesa', 'james@hotmail.com', '3890123456'),
    ('Emma', 'Garcia', 'emmag', 'emma@gmail.com', '3901234567'),
    ('Liam', 'Martinez', 'liamm', 'liam@gmail.com', '3012345678'),
    ('Ava', 'Clark', 'avaclark', 'ava@gmail.com', '3123456789'),
    ('Noah', 'Hernandez', 'noahh', 'noah@yahoo.com', '3876543210'),
    ('Isabella', 'Lopez', 'isabellal', 'isabella@yahoo.com', '3765432109'),
    ('Sophia', 'Gonzalez', 'sophiag', 'sophia@hotmail.com', '3653431098'),
    ('Mia', 'Perez', 'miap', 'mia@hotmail.com', '3543210987'),
    ('Benjamin', 'Smith', 'benjamins', 'benjamin@gmail.com', '3432109876'),
    ('Elijah', 'Davis', 'elijahd', 'elijah@gmail.com', '3321098765'),
    ('Lucas', 'Rodriguez', 'lucasr', 'lucas@gmail.com', '3210987654'),
    ('Henry', 'Brown', 'henryb', 'henry@yahoo.com', '3109876543'),
    ('Aria', 'Williams', 'ariaw', 'aria@yahoo.com', '3098765432'),
    ('Mason', 'Moore', 'masonm', 'mason@hotmail.com', '3987654321'),
	('Marco', 'Rossi', 'marcorossi', 'marcorossi@gmail.com', '3331234567'),
    ('Anna', 'Bianchi', 'annabianchi', 'annabianchi@gmail.com', '3472345678'),
    ('Luca', 'Ferrari', 'lucaferrari', 'lucaferrari@gmail.com', '3453456789'),
    ('Giulia', 'Romano', 'giuliaromano', 'giuliaromano@libero.com', '3664567890'),
    ('Paolo', 'Esposito', 'paoloesposito', 'paoloesposito@libero.com', '3335678901'),
    ('Francesca', 'Ricci', 'francescaricci', 'francescaricci@libero.com', '3476789012'),
    ('Davide', 'Gallo', 'davidegallo', 'davidegallo@yahoo.com', '3457890123'),
    ('Sara', 'Conti', 'saraconti', 'saraconti@yahoo.com', '3668901234'),
    ('Alessio', 'Mancini', 'alessiomancini', 'alessiomancini@yahoo.com', '3339012345'),
    ('Valentina', 'Martini', 'valentinamartini', 'valentinamartini@gmail.com', '3470123456'),
    ('Giovanni', 'Barbieri', 'giovannibarbieri', 'giovannibarbieri@gmail.com', '3451234567'),
    ('Laura', 'Pellegrini', 'laurapellegrini', 'laurapellegrini@gmail.com', '3662345678'),
    ('Andrea', 'Rizzo', 'andrearizzo', 'andrearizzo@libero.com', '3333456789'),
    ('Roberta', 'Greco', 'robertagreco', 'robertagreco@libero.com', '3474567890'),
    ('Matteo', 'Lombardi', 'matteolombardi', 'matteolombardi@libero.com', '3455678901'),
    ('Simona', 'Ferrara', 'simonaferrara', 'simonaferrara@yahoo.com', '3666789012'),
    ('Nicola', 'Santoro', 'nicolasantoro', 'nicolasantoro@yahoo.com', '3337890123'),
    ('Elisa', 'Galli', 'elisagalli', 'elisagalli@yahoo.com', '3478901234'),
    ('Alessandro', 'Rinaldi', 'alessandrorinaldi', 'alessandrorinaldi@gmail.com', '3459012345'),
    ('Cristina', 'Ferri', 'cristinaferri', 'cristinaferri@gmail.com', '3660123456');

INSERT INTO MEDICO (CF, Nome, Cognome, Email, NumeroTelefono, Specializzazione)
VALUES
    ('ABCDEF12A34B567C', 'Mario', 'Rossi', 'mario.rossi@gmail.com', '3234567890', 'Fisioterapista'),
    ('GHIJKL56M78N123O', 'Anna', 'Bianchi', 'anna.bianchi@gmail.com', '3345678901', 'Nutrizionista'),
    ('PQRSTU90V12W345X', 'Luca', 'Verdi', 'luca.verdi@gmail.com', '3456789012', 'Medico Sportivo'),
    ('YZABCD34E56F789G', 'Sara', 'Neri', 'sara.neri@gmail.com', '3567890123', 'Fisioterapista'),
    ('HIJKLM78N90P123Q', 'Paolo', 'Russo', 'paolo.russo@gmail.com', '3678901234', 'Nutrizionista'),
    ('RSTUVW12X34Y567Z', 'Laura', 'Marrone', 'laura.marrone@gmail.com', '3789012345', 'Medico Sportivo'),
    ('EFGHIJ67K89L012M', 'Marco', 'Gialli', 'marco.gialli@gmail.com', '3890123456', 'Fisioterapista'),
    ('NOPQRS90T12U345V', 'Giulia', 'Ferrari', 'giulia.ferrari@gmail.com', '3901234567', 'Nutrizionista'),
    ('WXYZAB12C34D567E', 'Simone', 'Bianco', 'simone.bianco@gmail.com', '3012345678', 'Medico Sportivo'),
    ('F12345G67H89I012', 'Roberto', 'Verde', 'roberto.verde@gmail.com', '3123456789', 'Fisioterapista');

INSERT INTO VISITA (DataVisita, OraVisita, PrezzoVisita, Paziente, Medico)
VALUES 
    ('2024-03-01', '09:00:00', 35, 21, 'F12345G67H89I012'),
    ('2024-03-04', '14:30:00', 35, 22, 'GHIJKL56M78N123O'),
    ('2024-03-06', '09:30:00', 55, 23, 'HIJKLM78N90P123Q'),
    ('2024-03-07', '11:15:00', 60, 24, 'HIJKLM78N90P123Q'),
    ('2024-04-08', '13:45:00', 40, 25, 'NOPQRS90T12U345V'),
    ('2024-04-10', '17:30:00', 70, 26, 'PQRSTU90V12W345X'),
    ('2024-04-11', '09:15:00', 45, 27, 'RSTUVW12X34Y567Z'),
    ('2024-05-12', '10:45:00', 75, 28, 'WXYZAB12C34D567E'),
    ('2024-05-13', '12:30:00', 80, 29, 'YZABCD34E56F789G'),
    ('2024-05-17', '11:30:00', 100, 30, 'GHIJKL56M78N123O'),
    ('2024-05-18', '13:00:00', 60, 31, 'RSTUVW12X34Y567Z');

INSERT INTO ESERCIZIO (Nome, GruppoMuscolare, Descrizione, Creatore)
VALUES
	('Lat pulldown', 'Schiena', 'esercizio da eseguire con apposito macchinario', 22),
	('Dip', 'Petto', 'esercizio che può essere fatto sia con la macchina che con un peso', 23),
	('Tapis roulant', 'Cardio', 'corsa lenta o accelerata adatta al riscaldamento', 24),
	('Curl', 'Bicipiti', 'movimento da eseguire con manubri', 25),
	('Crunch', 'Addominali', 'consigliato uso di un tappetino', 26),
	('Squat', 'Glutei', 'si può effettuare a corpo libero o col bilanciere', 27),
	('Rematore ai cavi', 'Schiena', 'esercizio da eseguire con apposito macchinario', 22),
	('Trazioni', 'Schiena', 'da eseguire con o senza peso', 22),
	('Hip thrust', 'Glutei', 'da eseguire con peso o bilanciere', 27),
	('Affondo bulgaro', 'Glutei', 'attenzione alla discesa', 27),
	('Panca piana', 'Petto', 'con manubri o con bilanciere', 23),
	('Panca inclinata', 'Petto', 'con manubri o con bilanciere', 23),
	('Flessioni', 'Petto', 'adatte al riscaldamento', 24),
	('Stretching', 'Total body', 'da eseguire prima e dopo', 24);

INSERT INTO ALLENAMENTO (Titolo, Durata, LivelloIntensità, Utente)
VALUES
    ('Allenamento serale', 90, 'Medio', 37),
    ('Allenamento mattutino', 30, 'Facile', 34),
    ('Extreme workout', 120, 'Difficile', 9),
    ('Chest massacre', 120, 'Difficile', 3),
    ('Allenamento glutei', 90, 'Medio', 23),
    ('Il mio primo allenamento', 30, 'Facile', 38),
    ('Riscaldamento', 15, 'Facile', 29),
    ('Pilates', 50, 'Facile', 16),
    ('Cardio', 45, 'Medio', 18),
    ('Leg day', 90, 'Difficile', 11),
    ('Upper body', 60, 'Medio', 13),
    ('Allenamento del lunedì', 120, 'Difficile', 1),
    ('Allenamento del mercoledì', 90, 'Medio', 1),
    ('Allenamento del venerdì', 60, 'Facile', 1);

INSERT INTO POST (AllenamentoCollegato, Titolo, Didascalia, Autore)
VALUES 
    (5, 'Serata tranquilla', 'Allenamento tranquilla e poi relax', 37),
    (6, 'Buongiornissimo', 'Il modo migliore per iniziare la giornata', 34),
    (7, 'The struggle is real!', 'currently sweating', 9),
    (8, 'Chest massacre', 'My fav workout', 3),
    (9, 'Glutei on fire', 'Mi preparo alla prossima estate :)', 23),
    (10, 'Ciao a tutti', 'ciao', 38),
    (11, 'Riscaldamento', 'Per iniziare al meglio', 29),
    (12, 'Lezione di pilates', 'Adoro le lezioni online', 16),
    (16, 'Super Workout', 'Oggi allenamento al top', 1),
    (17, 'Buon mercoledì', 'Un ottimo allenamento', 1),
    (18, 'Send help', 'di venerdì la palestra è piena!!', 1);

INSERT INTO MISURAZIONE_CORPOREA(Utente, Peso, Altezza, CirconferenzaVita, CirconferenzaBraccia, CirconferenzaGambe)
VALUES 
    (1, 75.5, 175, 80, 30, 40),
    (2, 70, 180, 75, 28, 38),
    (3, 80, 170, 85, 32, 42),
    (4, 68, 172, 78, 29, 39),
    (5, 72, 178, 82, 31, 41),
    (6, 76, 173, 81, 30.5, 40.5),
    (7, 71.5, 176, 79, 29.5, 39.5),
    (8, 78, 172, 86, 33, 43),
    (9, 69, 179, 76, 28.5, 38.5),
    (10, 73, 174, 83, 31.5, 41.5);

INSERT INTO AGGIUNTA (NomeEsercizio, GruppoMuscolareEsercizio, CodiceAllenamento)
VALUES 
	('Lat pulldown', 'Schiena', 7),
	('Rematore ai cavi', 'Schiena', 7),
	('Trazioni', 'Schiena', 7),
	('Squat', 'Glutei', 9),
	('Hip thrust', 'Glutei', 9),
	('Affondo bulgaro', 'Glutei', 9),
	('Panca piana', 'Petto', 8),
	('Panca inclinata', 'Petto', 8),
	('Dip', 'Petto', 8),
	('Stretching', 'Total body', 11),
	('Flessioni', 'Petto', 11),
	('Tapis roulant', 'Cardio', 11);

INSERT INTO AMICIZIA (Richiedente, Ricevente, StatoAmicizia)
VALUES
    (1, 2, 'Accettata'),
    (2, 3, 'In attesa'),
    (3, 4, 'Rifiutata'),
    (4, 5, 'In attesa'),
    (5, 6, 'Accettata'),
    (6, 7, 'Rifiutata'),
    (7, 8, 'In attesa'),
    (8, 9, 'Accettata'),
    (9, 10, 'In attesa'),
    (10, 11, 'Rifiutata'),
    (11, 12, 'Accettata'),
    (12, 13, 'Rifiutata'),
    (13, 14, 'In attesa'),
    (14, 15, 'Accettata'),
    (15, 16, 'In attesa'),
    (16, 17, 'Rifiutata'),
    (17, 18, 'In attesa'),
    (18, 19, 'Accettata'),
    (19, 20, 'In attesa'),
    (20, 1, 'Accettata'),
	(21, 1, 'Accettata'),
    (22, 1, 'In attesa'),
    (23, 1, 'Rifiutata'),
    (24, 1, 'In attesa'),
    (25, 1, 'Accettata'),
    (26, 1, 'Rifiutata'),
    (27, 1, 'In attesa'),
    (28, 1, 'Accettata'),
    (29, 1, 'In attesa'),
    (30, 1, 'Rifiutata'),
    (31, 1, 'Accettata'),
    (32, 1, 'Rifiutata'),
    (33, 1, 'In attesa'),
    (34, 1, 'Accettata'),
    (35, 1, 'In attesa'),
    (36, 1, 'Rifiutata'),
    (37, 1, 'In attesa'),
    (38, 1, 'Accettata'),
    (39, 1, 'In attesa'),
    (40, 1, 'Accettata');

INSERT INTO INTERAZIONE (TipoInterazione, Testo, Utente, Post)
VALUES 
    ('Like', '', 2, 1),
    ('Like', '', 3, 1),
    ('Like', '', 4, 1),
    ('Commento', 'Buon allenamento!', 1, 2),
    ('Commento', 'Great workout!', 5, 2),
    ('Like', '', 6, 2),
    ('Like', '', 7, 3),
    ('Commento', 'Ottimo lavoro!', 21, 3),
    ('Commento', 'Good job!', 8, 3),
    ('Like', '', 9, 3),
    ('Commento', 'Bene!', 22, 4),
    ('Commento', 'Fantastic workout!', 14, 4),
    ('Like', '', 23, 4),
    ('Commento', 'Eccellente!', 24, 5),
    ('Like', '', 25, 5),
    ('Commento', 'Molto bravo!', 26, 5),
    ('Like', '', 27, 6),
    ('Like', '', 28, 6),
    ('Like', '', 29, 6),
    ('Commento', 'Well done!', 15, 7),
    ('Commento', 'Bravissimo!', 30, 7),
    ('Commento', 'Excellent job!', 16, 7),
    ('Like', '', 31, 8),
    ('Like', '', 32, 8),
    ('Like', '', 33, 8),
    ('Commento', 'Keep it up!', 17, 9),
    ('Like', '', 34, 9);